{"cameraMode":{"drawMode":0,"name":"Shaded","section":"Shading Mode"},"sceneLighting":true,"audioPlay":false,"sceneViewState":{"m_AlwaysRefresh":false,"showFog":true,"showSkybox":true,"showFlares":true,"showImageEffects":true,"showParticleSystems":true,"showVisualEffectGraphs":true,"m_FxEnabled":true},"in2DMode":false,"pivot":{"x":23.260099411010743,"y":11.802465438842774,"z":14.599520683288575},"rotation":{"x":-0.06269803643226624,"y":0.6949604153633118,"z":-0.06147228181362152,"w":-0.7139736413955689},"size":0.8804111480712891,"orthographic":false}