{"cameraMode":{"drawMode":0,"name":"Shaded","section":"Shading Mode"},"sceneLighting":true,"audioPlay":false,"sceneViewState":{"m_AlwaysRefresh":false,"showFog":true,"showSkybox":true,"showFlares":true,"showImageEffects":true,"showParticleSystems":true,"showVisualEffectGraphs":true,"m_FxEnabled":true},"in2DMode":false,"pivot":{"x":193.7849884033203,"y":106.49185943603516,"z":-398.126708984375},"rotation":{"x":-0.07245391607284546,"y":-0.046638961881399158,"z":0.0033493060618638994,"w":-0.9963169097900391},"size":1.9447811841964722,"orthographic":false}