{"cameraMode":{"drawMode":0,"name":"Shaded","section":"Shading Mode"},"sceneLighting":true,"audioPlay":false,"sceneViewState":{"m_AlwaysRefresh":false,"showFog":true,"showSkybox":true,"showFlares":true,"showImageEffects":true,"showParticleSystems":true,"showVisualEffectGraphs":true,"m_FxEnabled":true},"in2DMode":false,"pivot":{"x":104.37569427490235,"y":108.06211853027344,"z":-4.162930965423584},"rotation":{"x":0.06385396420955658,"y":0.026643605902791024,"z":-0.0012905237963423133,"w":0.9977810382843018},"size":84.07128143310547,"orthographic":false}