{"cameraMode":{"drawMode":0,"name":"Shaded","section":"Shading Mode"},"sceneLighting":false,"audioPlay":false,"sceneViewState":{"m_AlwaysRefresh":false,"showFog":true,"showSkybox":false,"showFlares":true,"showImageEffects":true,"showParticleSystems":true,"showVisualEffectGraphs":true,"m_FxEnabled":true},"in2DMode":false,"pivot":{"x":2.716271162033081,"y":3.6567602157592775,"z":9.781289100646973},"rotation":{"x":0.01924261450767517,"y":-0.9284189343452454,"z":0.048178475350141528,"w":0.3681042194366455},"size":1.0886718034744263,"orthographic":false}