{"cameraMode":{"drawMode":0,"name":"Shaded","section":"Shading Mode"},"sceneLighting":true,"audioPlay":false,"sceneViewState":{"m_AlwaysRefresh":false,"showFog":true,"showSkybox":true,"showFlares":true,"showImageEffects":true,"showParticleSystems":true,"showVisualEffectGraphs":true,"m_FxEnabled":true},"in2DMode":false,"pivot":{"x":279.8671569824219,"y":312.9969177246094,"z":156.87466430664063},"rotation":{"x":0.011518547311425209,"y":0.9884716868400574,"z":-0.10898206382989884,"w":0.10447368025779724},"size":0.8660253882408142,"orthographic":false}